[{"model": "myapp.author", "pk": 1, "fields": {"full_name": "Andrew Hunt"}}, {"model": "myapp.author", "pk": 2, "fields": {"full_name": "David Thomas"}}, {"model": "myapp.author", "pk": 3, "fields": {"full_name": "Robert C. Martin"}}, {"model": "myapp.author", "pk": 4, "fields": {"full_name": "Thomas H. Cormen"}}, {"model": "myapp.author", "pk": 5, "fields": {"full_name": "Charles E. Leiserson"}}, {"model": "myapp.author", "pk": 6, "fields": {"full_name": "Ronald L. Rivest"}}, {"model": "myapp.author", "pk": 7, "fields": {"full_name": "Clifford Stein"}}, {"model": "myapp.author", "pk": 8, "fields": {"full_name": "Erich Gamma"}}, {"model": "myapp.author", "pk": 9, "fields": {"full_name": "Richard Helm"}}, {"model": "myapp.author", "pk": 10, "fields": {"full_name": "Ralph Johnson"}}, {"model": "myapp.author", "pk": 11, "fields": {"full_name": "John Vlissides"}}, {"model": "myapp.author", "pk": 12, "fields": {"full_name": "Ian Goodfellow"}}, {"model": "myapp.author", "pk": 13, "fields": {"full_name": "Yoshua Bengio"}}, {"model": "myapp.author", "pk": 14, "fields": {"full_name": "Aaron Courville"}}, {"model": "myapp.author", "pk": 15, "fields": {"full_name": "Eric Matthes"}}, {"model": "myapp.author", "pk": 16, "fields": {"full_name": "Luciano Ramalho"}}, {"model": "myapp.author", "pk": 17, "fields": {"full_name": "Joshua Bloch"}}, {"model": "myapp.author", "pk": 18, "fields": {"full_name": "Aditya Bhargava"}}, {"model": "myapp.author", "pk": 19, "fields": {"full_name": "Kyle Simpson"}}, {"model": "myapp.author", "pk": 20, "fields": {"full_name": "Frederick P. Brooks Jr."}}, {"model": "myapp.author", "pk": 21, "fields": {"full_name": "Martin Fowler"}}, {"model": "myapp.author", "pk": 22, "fields": {"full_name": "Stuart Russell"}}, {"model": "myapp.author", "pk": 23, "fields": {"full_name": "Peter Norvig"}}, {"model": "myapp.author", "pk": 24, "fields": {"full_name": "Harold Abelson"}}, {"model": "myapp.author", "pk": 25, "fields": {"full_name": "Gerald Jay Sussman"}}, {"model": "myapp.author", "pk": 26, "fields": {"full_name": "Julie Sussman"}}, {"model": "myapp.author", "pk": 27, "fields": {"full_name": "Gene Kim"}}, {"model": "myapp.author", "pk": 28, "fields": {"full_name": "Kevin Behr"}}, {"model": "myapp.author", "pk": 29, "fields": {"full_name": "George Spafford"}}, {"model": "myapp.author", "pk": 30, "fields": {"full_name": "Jez Humble"}}, {"model": "myapp.author", "pk": 31, "fields": {"full_name": "David Farley"}}, {"model": "myapp.author", "pk": 32, "fields": {"full_name": "Eric Evans"}}, {"model": "myapp.author", "pk": 33, "fields": {"full_name": "Michael Feathers"}}, {"model": "myapp.author", "pk": 34, "fields": {"full_name": "Gayle Laakmann McDowell"}}, {"model": "myapp.author", "pk": 35, "fields": {"full_name": "Don Norman"}}, {"model": "myapp.author", "pk": 36, "fields": {"full_name": "Steve Krug"}}, {"model": "myapp.author", "pk": 37, "fields": {"full_name": "Donald E. Knuth"}}, {"model": "myapp.author", "pk": 38, "fields": {"full_name": "Stephen Hawking"}}, {"model": "myapp.author", "pk": 39, "fields": {"full_name": "Yuval Noah Harari"}}, {"model": "myapp.author", "pk": 40, "fields": {"full_name": "Daniel Kahneman"}}, {"model": "myapp.author", "pk": 41, "fields": {"full_name": "James Clear"}}, {"model": "myapp.author", "pk": 42, "fields": {"full_name": "J.R.R. Tolkien"}}, {"model": "myapp.category", "pk": 1, "fields": {"name": "Technology", "slug": "technology", "parent": null}}, {"model": "myapp.category", "pk": 2, "fields": {"name": "Software", "slug": "software", "parent": 1}}, {"model": "myapp.category", "pk": 3, "fields": {"name": "Computer Science", "slug": "computer-science", "parent": 1}}, {"model": "myapp.category", "pk": 4, "fields": {"name": "AI/ML", "slug": "aiml", "parent": 1}}, {"model": "myapp.category", "pk": 5, "fields": {"name": "Business", "slug": "business", "parent": null}}, {"model": "myapp.category", "pk": 6, "fields": {"name": "IT", "slug": "it", "parent": 5}}, {"model": "myapp.category", "pk": 7, "fields": {"name": "Careers", "slug": "careers", "parent": 1}}, {"model": "myapp.category", "pk": 8, "fields": {"name": "Design", "slug": "design", "parent": null}}, {"model": "myapp.category", "pk": 9, "fields": {"name": "UX", "slug": "ux", "parent": 8}}, {"model": "myapp.category", "pk": 10, "fields": {"name": "Science", "slug": "science", "parent": null}}, {"model": "myapp.category", "pk": 11, "fields": {"name": "Physics", "slug": "physics", "parent": 10}}, {"model": "myapp.category", "pk": 12, "fields": {"name": "History", "slug": "history", "parent": null}}, {"model": "myapp.category", "pk": 13, "fields": {"name": "Psychology", "slug": "psychology", "parent": null}}, {"model": "myapp.category", "pk": 14, "fields": {"name": "Self-Help", "slug": "self-help", "parent": null}}, {"model": "myapp.category", "pk": 15, "fields": {"name": "Fiction", "slug": "fiction", "parent": null}}, {"model": "myapp.category", "pk": 16, "fields": {"name": "Fantasy", "slug": "fantasy", "parent": 15}}, {"model": "myapp.tag", "pk": 1, "fields": {"name": "Programming", "slug": "programming"}}, {"model": "myapp.tag", "pk": 2, "fields": {"name": "Best Practices", "slug": "best-practices"}}, {"model": "myapp.tag", "pk": 3, "fields": {"name": "Code Quality", "slug": "code-quality"}}, {"model": "myapp.tag", "pk": 4, "fields": {"name": "Algorithms", "slug": "algorithms"}}, {"model": "myapp.tag", "pk": 5, "fields": {"name": "Textbook", "slug": "textbook"}}, {"model": "myapp.tag", "pk": 6, "fields": {"name": "Patterns", "slug": "patterns"}}, {"model": "myapp.tag", "pk": 7, "fields": {"name": "Architecture", "slug": "architecture"}}, {"model": "myapp.tag", "pk": 8, "fields": {"name": "AI", "slug": "ai"}}, {"model": "myapp.tag", "pk": 9, "fields": {"name": "Neural Networks", "slug": "neural-networks"}}, {"model": "myapp.tag", "pk": 10, "fields": {"name": "Python", "slug": "python"}}, {"model": "myapp.tag", "pk": 11, "fields": {"name": "Beginner", "slug": "beginner"}}, {"model": "myapp.tag", "pk": 12, "fields": {"name": "Advanced", "slug": "advanced"}}, {"model": "myapp.tag", "pk": 13, "fields": {"name": "Java", "slug": "java"}}, {"model": "myapp.tag", "pk": 14, "fields": {"name": "Illustrated", "slug": "illustrated"}}, {"model": "myapp.tag", "pk": 15, "fields": {"name": "JavaScript", "slug": "javascript"}}, {"model": "myapp.tag", "pk": 16, "fields": {"name": "Management", "slug": "management"}}, {"model": "myapp.tag", "pk": 17, "fields": {"name": "Refactoring", "slug": "refactoring"}}, {"model": "myapp.tag", "pk": 18, "fields": {"name": "CS", "slug": "cs"}}, {"model": "myapp.tag", "pk": 19, "fields": {"name": "Lisp", "slug": "lisp"}}, {"model": "myapp.tag", "pk": 20, "fields": {"name": "Professionalism", "slug": "professionalism"}}, {"model": "myapp.tag", "pk": 21, "fields": {"name": "DevOps", "slug": "devops"}}, {"model": "myapp.tag", "pk": 22, "fields": {"name": "Novel", "slug": "novel"}}, {"model": "myapp.tag", "pk": 23, "fields": {"name": "CI/CD", "slug": "cicd"}}, {"model": "myapp.tag", "pk": 24, "fields": {"name": "DDD", "slug": "ddd"}}, {"model": "myapp.tag", "pk": 25, "fields": {"name": "Legacy", "slug": "legacy"}}, {"model": "myapp.tag", "pk": 26, "fields": {"name": "Interview", "slug": "interview"}}, {"model": "myapp.tag", "pk": 27, "fields": {"name": "Practice", "slug": "practice"}}, {"model": "myapp.tag", "pk": 28, "fields": {"name": "Design", "slug": "design"}}, {"model": "myapp.tag", "pk": 29, "fields": {"name": "Usability", "slug": "usability"}}, {"model": "myapp.tag", "pk": 30, "fields": {"name": "Web", "slug": "web"}}, {"model": "myapp.tag", "pk": 31, "fields": {"name": "Theory", "slug": "theory"}}, {"model": "myapp.tag", "pk": 32, "fields": {"name": "Cosmology", "slug": "cosmology"}}, {"model": "myapp.tag", "pk": 33, "fields": {"name": "Anthropology", "slug": "anthropology"}}, {"model": "myapp.tag", "pk": 34, "fields": {"name": "Civilization", "slug": "civilization"}}, {"model": "myapp.tag", "pk": 35, "fields": {"name": "Behavioral", "slug": "behavioral"}}, {"model": "myapp.tag", "pk": 36, "fields": {"name": "Decision Making", "slug": "decision-making"}}, {"model": "myapp.tag", "pk": 37, "fields": {"name": "Habits", "slug": "habits"}}, {"model": "myapp.tag", "pk": 38, "fields": {"name": "Productivity", "slug": "productivity"}}, {"model": "myapp.tag", "pk": 39, "fields": {"name": "Fantasy", "slug": "fantasy"}}, {"model": "myapp.tag", "pk": 40, "fields": {"name": "Classic", "slug": "classic"}}, {"model": "myapp.book", "pk": 1, "fields": {"isbn13": "9780135957059", "title": "The Pragmatic Programmer", "language": "EN", "publish_year": 1999, "cover": "images/books/9780135957059.jpg", "category": 2, "authors": [1, 2], "tags": [2, 1]}}, {"model": "myapp.book", "pk": 2, "fields": {"isbn13": "9780132350884", "title": "Clean Code", "language": "EN", "publish_year": 2008, "cover": "images/books/9780132350884.jpg", "category": 2, "authors": [3], "tags": [3, 1]}}, {"model": "myapp.book", "pk": 3, "fields": {"isbn13": "9780262033848", "title": "Introduction to Algorithms", "language": "EN", "publish_year": 2009, "cover": "images/books/9780262033848.jpg", "category": 3, "authors": [4, 5, 6, 7], "tags": [4, 5]}}, {"model": "myapp.book", "pk": 4, "fields": {"isbn13": "9780201633610", "title": "Design Patterns", "language": "EN", "publish_year": 1994, "cover": "images/books/9780201633610.jpg", "category": 2, "authors": [8, 9, 10, 11], "tags": [7, 6]}}, {"model": "myapp.book", "pk": 5, "fields": {"isbn13": "9780262035613", "title": "Deep Learning", "language": "EN", "publish_year": 2016, "cover": "images/books/9780262035613.jpg", "category": 4, "authors": [12, 13, 14], "tags": [8, 9]}}, {"model": "myapp.book", "pk": 6, "fields": {"isbn13": "9781593276034", "title": "Python Crash Course", "language": "EN", "publish_year": 2015, "cover": "images/books/9781593276034.jpg", "category": 2, "authors": [15], "tags": [11, 10]}}, {"model": "myapp.book", "pk": 7, "fields": {"isbn13": "9781491946008", "title": "Fluent Python", "language": "EN", "publish_year": 2015, "cover": "images/books/9781491946008.jpg", "category": 2, "authors": [16], "tags": [12, 10]}}, {"model": "myapp.book", "pk": 8, "fields": {"isbn13": "9780134685991", "title": "Effective Java", "language": "EN", "publish_year": 2017, "cover": "images/books/9780134685991.jpg", "category": 2, "authors": [17], "tags": [2, 13]}}, {"model": "myapp.book", "pk": 9, "fields": {"isbn13": "9781617292231", "title": "Grokking Algorithms", "language": "EN", "publish_year": 2016, "cover": "images/books/9781617292231.jpg", "category": 3, "authors": [18], "tags": [4, 14]}}, {"model": "myapp.book", "pk": 10, "fields": {"isbn13": "9798602477429", "title": "You Don't Know JS Yet", "language": "EN", "publish_year": 2020, "cover": "images/books/9798602477429.jpg", "category": 2, "authors": [19], "tags": [15]}}, {"model": "myapp.book", "pk": 11, "fields": {"isbn13": "9780201835953", "title": "The Mythical Man-Month", "language": "EN", "publish_year": 1975, "cover": "images/books/9780201835953.jpg", "category": 2, "authors": [20], "tags": [16]}}, {"model": "myapp.book", "pk": 12, "fields": {"isbn13": "9780134757599", "title": "Refactoring", "language": "EN", "publish_year": 2018, "cover": "images/books/9780134757599.jpg", "category": 2, "authors": [21], "tags": [3, 17]}}, {"model": "myapp.book", "pk": 13, "fields": {"isbn13": "9780136042594", "title": "Artificial Intelligence: A Modern Approach", "language": "EN", "publish_year": 2010, "cover": "images/books/9780136042594.jpg", "category": 4, "authors": [22, 23], "tags": [8, 5]}}, {"model": "myapp.book", "pk": 14, "fields": {"isbn13": "9780262510875", "title": "Structure and Interpretation of Computer Programs", "language": "EN", "publish_year": 1996, "cover": "images/books/9780262510875.jpg", "category": 3, "authors": [24, 25, 26], "tags": [18, 19]}}, {"model": "myapp.book", "pk": 15, "fields": {"isbn13": "9780137081073", "title": "The Clean Coder", "language": "EN", "publish_year": 2011, "cover": "images/books/9780137081073.jpg", "category": 2, "authors": [3], "tags": [20]}}, {"model": "myapp.book", "pk": 16, "fields": {"isbn13": "9780988262591", "title": "The Phoenix Project", "language": "EN", "publish_year": 2013, "cover": "images/books/9780988262591.jpg", "category": 6, "authors": [27, 28, 29], "tags": [21, 22]}}, {"model": "myapp.book", "pk": 17, "fields": {"isbn13": "9780321601919", "title": "Continuous Delivery", "language": "EN", "publish_year": 2010, "cover": "images/books/9780321601919.jpg", "category": 2, "authors": [30, 31], "tags": [23, 21]}}, {"model": "myapp.book", "pk": 18, "fields": {"isbn13": "9780321125217", "title": "Domain-Driven Design", "language": "EN", "publish_year": 2003, "cover": "images/books/9780321125217.jpg", "category": 2, "authors": [32], "tags": [7, 24]}}, {"model": "myapp.book", "pk": 19, "fields": {"isbn13": "9780131177055", "title": "Working Effectively with Legacy Code", "language": "EN", "publish_year": 2004, "cover": "images/books/9780131177055.jpg", "category": 2, "authors": [33], "tags": [25, 17]}}, {"model": "myapp.book", "pk": 20, "fields": {"isbn13": "9780984782857", "title": "Cracking the Coding Interview", "language": "EN", "publish_year": 2015, "cover": "images/books/9780984782857.jpg", "category": 7, "authors": [34], "tags": [26, 27]}}, {"model": "myapp.book", "pk": 21, "fields": {"isbn13": "9780465050659", "title": "The Design of Everyday Things", "language": "EN", "publish_year": 2013, "cover": "images/books/9780465050659.jpg", "category": 9, "authors": [35], "tags": [28, 29]}}, {"model": "myapp.book", "pk": 22, "fields": {"isbn13": "9780321965516", "title": "Don't Make Me Think", "language": "EN", "publish_year": 2014, "cover": "images/books/9780321965516.jpg", "category": 9, "authors": [36], "tags": [29, 30]}}, {"model": "myapp.book", "pk": 23, "fields": {"isbn13": "9780201896831", "title": "The Art of Computer Programming Vol. 1", "language": "EN", "publish_year": 2011, "cover": "images/books/9780201896831.jpg", "category": 3, "authors": [37], "tags": [4, 31]}}, {"model": "myapp.book", "pk": 24, "fields": {"isbn13": "9780201896848", "title": "The Art of Computer Programming Vol. 2", "language": "EN", "publish_year": 2011, "cover": "images/books/9780201896848.jpg", "category": 3, "authors": [37], "tags": [4, 31]}}, {"model": "myapp.book", "pk": 25, "fields": {"isbn13": "9780201896855", "title": "The Art of Computer Programming Vol. 3", "language": "EN", "publish_year": 2011, "cover": "images/books/9780201896855.jpg", "category": 3, "authors": [37], "tags": [4, 31]}}, {"model": "myapp.book", "pk": 26, "fields": {"isbn13": "9780553103748", "title": "A Brief History of Time", "language": "EN", "publish_year": 1998, "cover": "images/books/9780553103748.jpg", "category": 11, "authors": [38], "tags": [32]}}, {"model": "myapp.book", "pk": 27, "fields": {"isbn13": "9780062316097", "title": "Sapiens: A Brief History of Humankind", "language": "EN", "publish_year": 2015, "cover": "images/books/9780062316097.jpg", "category": 12, "authors": [39], "tags": [33, 34]}}, {"model": "myapp.book", "pk": 28, "fields": {"isbn13": "9780374533557", "title": "Thinking, Fast and Slow", "language": "EN", "publish_year": 2011, "cover": "images/books/9780374533557.jpg", "category": 13, "authors": [40], "tags": [35, 36]}}, {"model": "myapp.book", "pk": 29, "fields": {"isbn13": "9780735211292", "title": "Atomic Habits", "language": "EN", "publish_year": 2018, "cover": "images/books/9780735211292.jpg", "category": 14, "authors": [41], "tags": [37, 38]}}, {"model": "myapp.book", "pk": 30, "fields": {"isbn13": "9780547928227", "title": "The Hobbit", "language": "EN", "publish_year": 1937, "cover": "images/books/9780547928227.jpg", "category": 16, "authors": [42], "tags": [40, 39]}}, {"model": "myapp.bookcopy", "pk": 1, "fields": {"book": 1, "barcode": "9780135957059-001", "location": "Main", "condition_note": "", "status": "AVAILABLE"}}, {"model": "myapp.bookcopy", "pk": 2, "fields": {"book": 1, "barcode": "9780135957059-002", "location": "Main", "condition_note": "", "status": "AVAILABLE"}}, {"model": "myapp.bookcopy", "pk": 3, "fields": {"book": 1, "barcode": "9780135957059-003", "location": "Main", "condition_note": "", "status": "AVAILABLE"}}, {"model": "myapp.bookcopy", "pk": 4, "fields": {"book": 1, "barcode": "9780135957059-004", "location": "Main", "condition_note": "", "status": "AVAILABLE"}}, {"model": "myapp.bookcopy", "pk": 5, "fields": {"book": 2, "barcode": "9780132350884-001", "location": "Main", "condition_note": "", "status": "AVAILABLE"}}, {"model": "myapp.bookcopy", "pk": 6, "fields": {"book": 2, "barcode": "9780132350884-002", "location": "Main", "condition_note": "", "status": "AVAILABLE"}}, {"model": "myapp.bookcopy", "pk": 7, "fields": {"book": 2, "barcode": "9780132350884-003", "location": "Main", "condition_note": "", "status": "AVAILABLE"}}, {"model": "myapp.bookcopy", "pk": 8, "fields": {"book": 2, "barcode": "9780132350884-004", "location": "Main", "condition_note": "", "status": "AVAILABLE"}}, {"model": "myapp.bookcopy", "pk": 9, "fields": {"book": 2, "barcode": "9780132350884-005", "location": "Main", "condition_note": "", "status": "AVAILABLE"}}, {"model": "myapp.bookcopy", "pk": 10, "fields": {"book": 3, "barcode": "9780262033848-001", "location": "Main", "condition_note": "", "status": "AVAILABLE"}}, {"model": "myapp.bookcopy", "pk": 11, "fields": {"book": 3, "barcode": "9780262033848-002", "location": "Main", "condition_note": "", "status": "AVAILABLE"}}, {"model": "myapp.bookcopy", "pk": 12, "fields": {"book": 3, "barcode": "9780262033848-003", "location": "Main", "condition_note": "", "status": "AVAILABLE"}}, {"model": "myapp.bookcopy", "pk": 13, "fields": {"book": 4, "barcode": "9780201633610-001", "location": "Main", "condition_note": "", "status": "AVAILABLE"}}, {"model": "myapp.bookcopy", "pk": 14, "fields": {"book": 4, "barcode": "9780201633610-002", "location": "Main", "condition_note": "", "status": "AVAILABLE"}}, {"model": "myapp.bookcopy", "pk": 15, "fields": {"book": 4, "barcode": "9780201633610-003", "location": "Main", "condition_note": "", "status": "AVAILABLE"}}, {"model": "myapp.bookcopy", "pk": 16, "fields": {"book": 5, "barcode": "9780262035613-001", "location": "Main", "condition_note": "", "status": "AVAILABLE"}}, {"model": "myapp.bookcopy", "pk": 17, "fields": {"book": 5, "barcode": "9780262035613-002", "location": "Main", "condition_note": "", "status": "AVAILABLE"}}, {"model": "myapp.bookcopy", "pk": 18, "fields": {"book": 6, "barcode": "9781593276034-001", "location": "Main", "condition_note": "", "status": "AVAILABLE"}}, {"model": "myapp.bookcopy", "pk": 19, "fields": {"book": 6, "barcode": "9781593276034-002", "location": "Main", "condition_note": "", "status": "AVAILABLE"}}, {"model": "myapp.bookcopy", "pk": 20, "fields": {"book": 6, "barcode": "9781593276034-003", "location": "Main", "condition_note": "", "status": "AVAILABLE"}}, {"model": "myapp.bookcopy", "pk": 21, "fields": {"book": 6, "barcode": "9781593276034-004", "location": "Main", "condition_note": "", "status": "AVAILABLE"}}, {"model": "myapp.bookcopy", "pk": 22, "fields": {"book": 6, "barcode": "9781593276034-005", "location": "Main", "condition_note": "", "status": "AVAILABLE"}}, {"model": "myapp.bookcopy", "pk": 23, "fields": {"book": 7, "barcode": "9781491946008-001", "location": "Main", "condition_note": "", "status": "AVAILABLE"}}, {"model": "myapp.bookcopy", "pk": 24, "fields": {"book": 7, "barcode": "9781491946008-002", "location": "Main", "condition_note": "", "status": "AVAILABLE"}}, {"model": "myapp.bookcopy", "pk": 25, "fields": {"book": 7, "barcode": "9781491946008-003", "location": "Main", "condition_note": "", "status": "AVAILABLE"}}, {"model": "myapp.bookcopy", "pk": 26, "fields": {"book": 8, "barcode": "9780134685991-001", "location": "Main", "condition_note": "", "status": "AVAILABLE"}}, {"model": "myapp.bookcopy", "pk": 27, "fields": {"book": 8, "barcode": "9780134685991-002", "location": "Main", "condition_note": "", "status": "AVAILABLE"}}, {"model": "myapp.bookcopy", "pk": 28, "fields": {"book": 8, "barcode": "9780134685991-003", "location": "Main", "condition_note": "", "status": "AVAILABLE"}}, {"model": "myapp.bookcopy", "pk": 29, "fields": {"book": 9, "barcode": "9781617292231-001", "location": "Main", "condition_note": "", "status": "AVAILABLE"}}, {"model": "myapp.bookcopy", "pk": 30, "fields": {"book": 9, "barcode": "9781617292231-002", "location": "Main", "condition_note": "", "status": "AVAILABLE"}}, {"model": "myapp.bookcopy", "pk": 31, "fields": {"book": 9, "barcode": "9781617292231-003", "location": "Main", "condition_note": "", "status": "AVAILABLE"}}, {"model": "myapp.bookcopy", "pk": 32, "fields": {"book": 9, "barcode": "9781617292231-004", "location": "Main", "condition_note": "", "status": "AVAILABLE"}}, {"model": "myapp.bookcopy", "pk": 33, "fields": {"book": 10, "barcode": "9798602477429-001", "location": "Main", "condition_note": "", "status": "AVAILABLE"}}, {"model": "myapp.bookcopy", "pk": 34, "fields": {"book": 10, "barcode": "9798602477429-002", "location": "Main", "condition_note": "", "status": "AVAILABLE"}}, {"model": "myapp.bookcopy", "pk": 35, "fields": {"book": 10, "barcode": "9798602477429-003", "location": "Main", "condition_note": "", "status": "AVAILABLE"}}, {"model": "myapp.bookcopy", "pk": 36, "fields": {"book": 11, "barcode": "9780201835953-001", "location": "Main", "condition_note": "", "status": "AVAILABLE"}}, {"model": "myapp.bookcopy", "pk": 37, "fields": {"book": 11, "barcode": "9780201835953-002", "location": "Main", "condition_note": "", "status": "AVAILABLE"}}, {"model": "myapp.bookcopy", "pk": 38, "fields": {"book": 12, "barcode": "9780134757599-001", "location": "Main", "condition_note": "", "status": "AVAILABLE"}}, {"model": "myapp.bookcopy", "pk": 39, "fields": {"book": 12, "barcode": "9780134757599-002", "location": "Main", "condition_note": "", "status": "AVAILABLE"}}, {"model": "myapp.bookcopy", "pk": 40, "fields": {"book": 12, "barcode": "9780134757599-003", "location": "Main", "condition_note": "", "status": "AVAILABLE"}}, {"model": "myapp.bookcopy", "pk": 41, "fields": {"book": 12, "barcode": "9780134757599-004", "location": "Main", "condition_note": "", "status": "AVAILABLE"}}, {"model": "myapp.bookcopy", "pk": 42, "fields": {"book": 13, "barcode": "9780136042594-001", "location": "Main", "condition_note": "", "status": "AVAILABLE"}}, {"model": "myapp.bookcopy", "pk": 43, "fields": {"book": 13, "barcode": "9780136042594-002", "location": "Main", "condition_note": "", "status": "AVAILABLE"}}, {"model": "myapp.bookcopy", "pk": 44, "fields": {"book": 14, "barcode": "9780262510875-001", "location": "Main", "condition_note": "", "status": "AVAILABLE"}}, {"model": "myapp.bookcopy", "pk": 45, "fields": {"book": 14, "barcode": "9780262510875-002", "location": "Main", "condition_note": "", "status": "AVAILABLE"}}, {"model": "myapp.bookcopy", "pk": 46, "fields": {"book": 15, "barcode": "9780137081073-001", "location": "Main", "condition_note": "", "status": "AVAILABLE"}}, {"model": "myapp.bookcopy", "pk": 47, "fields": {"book": 15, "barcode": "9780137081073-002", "location": "Main", "condition_note": "", "status": "AVAILABLE"}}, {"model": "myapp.bookcopy", "pk": 48, "fields": {"book": 15, "barcode": "9780137081073-003", "location": "Main", "condition_note": "", "status": "AVAILABLE"}}, {"model": "myapp.bookcopy", "pk": 49, "fields": {"book": 16, "barcode": "9780988262591-001", "location": "Main", "condition_note": "", "status": "AVAILABLE"}}, {"model": "myapp.bookcopy", "pk": 50, "fields": {"book": 16, "barcode": "9780988262591-002", "location": "Main", "condition_note": "", "status": "AVAILABLE"}}, {"model": "myapp.bookcopy", "pk": 51, "fields": {"book": 16, "barcode": "9780988262591-003", "location": "Main", "condition_note": "", "status": "AVAILABLE"}}, {"model": "myapp.bookcopy", "pk": 52, "fields": {"book": 17, "barcode": "9780321601919-001", "location": "Main", "condition_note": "", "status": "AVAILABLE"}}, {"model": "myapp.bookcopy", "pk": 53, "fields": {"book": 17, "barcode": "9780321601919-002", "location": "Main", "condition_note": "", "status": "AVAILABLE"}}, {"model": "myapp.bookcopy", "pk": 54, "fields": {"book": 18, "barcode": "9780321125217-001", "location": "Main", "condition_note": "", "status": "AVAILABLE"}}, {"model": "myapp.bookcopy", "pk": 55, "fields": {"book": 18, "barcode": "9780321125217-002", "location": "Main", "condition_note": "", "status": "AVAILABLE"}}, {"model": "myapp.bookcopy", "pk": 56, "fields": {"book": 18, "barcode": "9780321125217-003", "location": "Main", "condition_note": "", "status": "AVAILABLE"}}, {"model": "myapp.bookcopy", "pk": 57, "fields": {"book": 19, "barcode": "9780131177055-001", "location": "Main", "condition_note": "", "status": "AVAILABLE"}}, {"model": "myapp.bookcopy", "pk": 58, "fields": {"book": 19, "barcode": "9780131177055-002", "location": "Main", "condition_note": "", "status": "AVAILABLE"}}, {"model": "myapp.bookcopy", "pk": 59, "fields": {"book": 20, "barcode": "9780984782857-001", "location": "Main", "condition_note": "", "status": "AVAILABLE"}}, {"model": "myapp.bookcopy", "pk": 60, "fields": {"book": 20, "barcode": "9780984782857-002", "location": "Main", "condition_note": "", "status": "AVAILABLE"}}, {"model": "myapp.bookcopy", "pk": 61, "fields": {"book": 20, "barcode": "9780984782857-003", "location": "Main", "condition_note": "", "status": "AVAILABLE"}}, {"model": "myapp.bookcopy", "pk": 62, "fields": {"book": 20, "barcode": "9780984782857-004", "location": "Main", "condition_note": "", "status": "AVAILABLE"}}, {"model": "myapp.bookcopy", "pk": 63, "fields": {"book": 21, "barcode": "9780465050659-001", "location": "Main", "condition_note": "", "status": "AVAILABLE"}}, {"model": "myapp.bookcopy", "pk": 64, "fields": {"book": 21, "barcode": "9780465050659-002", "location": "Main", "condition_note": "", "status": "AVAILABLE"}}, {"model": "myapp.bookcopy", "pk": 65, "fields": {"book": 21, "barcode": "9780465050659-003", "location": "Main", "condition_note": "", "status": "AVAILABLE"}}, {"model": "myapp.bookcopy", "pk": 66, "fields": {"book": 22, "barcode": "9780321965516-001", "location": "Main", "condition_note": "", "status": "AVAILABLE"}}, {"model": "myapp.bookcopy", "pk": 67, "fields": {"book": 22, "barcode": "9780321965516-002", "location": "Main", "condition_note": "", "status": "AVAILABLE"}}, {"model": "myapp.bookcopy", "pk": 68, "fields": {"book": 23, "barcode": "9780201896831-001", "location": "Main", "condition_note": "", "status": "AVAILABLE"}}, {"model": "myapp.bookcopy", "pk": 69, "fields": {"book": 23, "barcode": "9780201896831-002", "location": "Main", "condition_note": "", "status": "AVAILABLE"}}, {"model": "myapp.bookcopy", "pk": 70, "fields": {"book": 24, "barcode": "9780201896848-001", "location": "Main", "condition_note": "", "status": "AVAILABLE"}}, {"model": "myapp.bookcopy", "pk": 71, "fields": {"book": 24, "barcode": "9780201896848-002", "location": "Main", "condition_note": "", "status": "AVAILABLE"}}, {"model": "myapp.bookcopy", "pk": 72, "fields": {"book": 25, "barcode": "9780201896855-001", "location": "Main", "condition_note": "", "status": "AVAILABLE"}}, {"model": "myapp.bookcopy", "pk": 73, "fields": {"book": 25, "barcode": "9780201896855-002", "location": "Main", "condition_note": "", "status": "AVAILABLE"}}, {"model": "myapp.bookcopy", "pk": 74, "fields": {"book": 26, "barcode": "9780553103748-001", "location": "Main", "condition_note": "", "status": "AVAILABLE"}}, {"model": "myapp.bookcopy", "pk": 75, "fields": {"book": 26, "barcode": "9780553103748-002", "location": "Main", "condition_note": "", "status": "AVAILABLE"}}, {"model": "myapp.bookcopy", "pk": 76, "fields": {"book": 26, "barcode": "9780553103748-003", "location": "Main", "condition_note": "", "status": "AVAILABLE"}}, {"model": "myapp.bookcopy", "pk": 77, "fields": {"book": 27, "barcode": "9780062316097-001", "location": "Main", "condition_note": "", "status": "AVAILABLE"}}, {"model": "myapp.bookcopy", "pk": 78, "fields": {"book": 27, "barcode": "9780062316097-002", "location": "Main", "condition_note": "", "status": "AVAILABLE"}}, {"model": "myapp.bookcopy", "pk": 79, "fields": {"book": 27, "barcode": "9780062316097-003", "location": "Main", "condition_note": "", "status": "AVAILABLE"}}, {"model": "myapp.bookcopy", "pk": 80, "fields": {"book": 28, "barcode": "9780374533557-001", "location": "Main", "condition_note": "", "status": "AVAILABLE"}}, {"model": "myapp.bookcopy", "pk": 81, "fields": {"book": 28, "barcode": "9780374533557-002", "location": "Main", "condition_note": "", "status": "RESERVED"}}, {"model": "myapp.bookcopy", "pk": 82, "fields": {"book": 28, "barcode": "9780374533557-003", "location": "Main", "condition_note": "", "status": "AVAILABLE"}}, {"model": "myapp.bookcopy", "pk": 83, "fields": {"book": 29, "barcode": "9780735211292-001", "location": "Main", "condition_note": "", "status": "AVAILABLE"}}, {"model": "myapp.bookcopy", "pk": 84, "fields": {"book": 29, "barcode": "9780735211292-002", "location": "Main", "condition_note": "", "status": "AVAILABLE"}}, {"model": "myapp.bookcopy", "pk": 85, "fields": {"book": 29, "barcode": "9780735211292-003", "location": "Main", "condition_note": "", "status": "AVAILABLE"}}, {"model": "myapp.bookcopy", "pk": 86, "fields": {"book": 29, "barcode": "9780735211292-004", "location": "Main", "condition_note": "", "status": "AVAILABLE"}}, {"model": "myapp.bookcopy", "pk": 87, "fields": {"book": 30, "barcode": "9780547928227-001", "location": "Main", "condition_note": "", "status": "RESERVED"}}, {"model": "myapp.bookcopy", "pk": 88, "fields": {"book": 30, "barcode": "9780547928227-002", "location": "Main", "condition_note": "", "status": "AVAILABLE"}}, {"model": "myapp.bookcopy", "pk": 89, "fields": {"book": 30, "barcode": "9780547928227-003", "location": "Main", "condition_note": "", "status": "AVAILABLE"}}, {"model": "myapp.bookcopy", "pk": 90, "fields": {"book": 30, "barcode": "9780547928227-004", "location": "Main", "condition_note": "", "status": "AVAILABLE"}}, {"model": "myapp.bookcopy", "pk": 91, "fields": {"book": 30, "barcode": "9780547928227-005", "location": "Main", "condition_note": "", "status": "AVAILABLE"}}]